{
  "photos": [{
                "id":"20190521_0009",
                "img": "20190521_0009.jpeg",
	  			"year": "2019",
"gallery": "photos"
            },
		   {
                "id":"20190521_0010",
                "img": "20190521_0010.jpge",
	  			"year": "2019",
"gallery": "photos"
            },
		   {
                "id":"20190521_0013",
                "img": "20190521_0013.jpeg",
	  			"year": "2019",
"gallery": "photos"
            },
		   {
                "id":"20190521_0014",
                "img": "20190521_0014.jpeg",
	  			"year": "2019",
"gallery": "photos"
            },
		   {
                "id":"20190521_0019",
                "img": "20190521_0019.jpeg",
	  			"year": "2019",
"gallery": "photos"
            },
		   {
                "id":"20190521_0023",
                "img": "20190521_0023.jpeg",
	  			"year": "2019",
"gallery": "photos"
            },
		   {
                "id":"20190521_0025",
                "img": "20190521_0025.jpeg",
	  			"year": "2019",
"gallery": "photos"
            },
		   {
                "id":"20190521_0026",
                "img": "20190521_0026.jpeg",
	  			"year": "2019",
"gallery": "photos"
            },
		   {
                "id":"20190521_0027",
                "img": "20190521_0027.jpeg",
	  			"year": "2019",
"gallery": "photos"
            },
		   {
                "id":"20190521_0028",
                "img": "20190521_0028.jpeg",
	  			"year": "2019",
"gallery": "photos"
            },
		   {
                "id":"20190521_0029",
                "img": "20190521_0029.jpeg",
	  			"year": "2019",
"gallery": "photos"
            },
		   {
                "id":"20190521_0031",
                "img": "20190521_0031.jpeg",
	  			"year": "2019",
"gallery": "photos"
            },
		   {
                "id":"20190521_0032",
                "img": "20190521_0032.jpeg",
	  			"year": "2019",
"gallery": "photos"
            },
		   {
                "id":"20190521_0036",
                "img": "20190521_0036.jpeg",
	  			"year": "2019",
"gallery": "photos"
            },
		   {
                "id":"20190521_0319_0",
                "img": "20190521_0319_0.jpeg",
	  			"year": "2019",
"gallery": "photos"
            },
		   {
                "id":"20190521_0319",
                "img": "20190521_0319.jpeg",
	  			"year": "2019",
"gallery": "photos"
            },
		   {
                "id":"20190521_0001",
                "img": "20190521_0001.jpeg",
	  			"year": "2019",
"gallery": "sponsors"
            },
		   {
                "id":"20190521_0003",
                "img": "20190521_0003.jpeg",
	  			"year": "2019",
"gallery": "sponsors"
            },
		   {
                "id":"20190521_0004",
                "img": "20190521_0004.jpeg",
	  			"year": "2019",
"gallery": "sponsors"
            },
		   {
                "id":"20190521_0005_0",
                "img": "20190521_0005_0.jpeg",
	  			"year": "2019",
"gallery": "sponsors"
            },
		   {
                "id":"20190521_0005",
                "img": "20190521_0005.jpeg",
	  			"year": "2019",
"gallery": "sponsors"
            },
		   {
                "id":"20190521_0012",
                "img": "20190521_0012.jpeg",
	  			"year": "2019",
"gallery": "sponsors"
            },
		   {
                "id":"20190521_0041",
                "img": "20190521_0041.jpeg",
	  			"year": "2019",
"gallery": "sponsors"
            },
		   {
                "id":"20190521_0043",
                "img": "20190521_0043.jpeg",
	  			"year": "2019",
"gallery": "sponsors"
            },
		   {
                "id":"20190521_0046",
                "img": "20190521_0046.jpeg",
	  			"year": "2019",
"gallery": "sponsors"
            },
		   {
                "id":"20190521_0047",
                "img": "20190521_0047.jpeg",
	  			"year": "2019",
"gallery": "sponsors"
            },
		   {
                "id":"20190521_0049",
                "img": "20190521_0049.jpeg",
	  			"year": "2019",
"gallery": "sponsors"
            },
		   {
                "id":"20190521_0054",
                "img": "20190521_0054.jpeg",
	  			"year": "2019",
"gallery": "sponsors"
            },
		   {
                "id":"20190521_0055",
                "img": "20190521_0055.jpeg",
	  			"year": "2019",
"gallery": "sponsors"
            },
		   {
                "id":"20190521_0058",
                "img": "20190521_0058.jpeg",
	  			"year": "2019",
"gallery": "sponsors"
            }
	 ]
}