<?xml version="1.0" encoding="utf-8" ?><dwsync><file name="2F9DC2_10_0.ttf" server="static/" local="3599438194" remote="3599438194" Dst="-1" /><file name="2F9DC2_2_0.woff2" server="static/" local="3599438415" remote="3599438415" Dst="-1" /><file name="2F9DC2_10_0.woff" server="static/" local="3599438189" remote="3599438189" Dst="-1" /><file name="2F9DC2_B_0.woff2" server="static/" local="3599438267" remote="3599438267" Dst="-1" /><file name="2F9DC2_B_0.woff" server="static/" local="3599438271" remote="3599438271" Dst="-1" /><file name="2F9DC2_5_0.eot" server="static/" local="3599437681" remote="3599437681" Dst="-1" /><file name="2F9DC2_6_0.ttf" server="static/" local="3599438360" remote="3599438360" Dst="-1" /><file name="2F9DC2_7_0.eot" server="static/" local="3599437693" remote="3599437693" Dst="-1" /><file name="2F9DC2_4_0.ttf" server="static/" local="3599438392" remote="3599438392" Dst="-1" /><file name="2F9DC2_0_0.woff" server="static/" local="3599438449" remote="3599438449" Dst="-1" /><file name="2F9DC2_2_0.woff" server="static/" local="3599438417" remote="3599438417" Dst="-1" /><file name="2F9DC2_0_0.ttf" server="static/" local="3599438454" remote="3599438454" Dst="-1" /><file name="2F9DC2_3_0.eot" server="static/" local="3599437665" remote="3599437665" Dst="-1" /><file name="2F9DC2_2_0.ttf" server="static/" local="3599438421" remote="3599438421" Dst="-1" /><file name="2F9DC2_1_0.eot" server="static/" local="3599437644" remote="3599437644" Dst="-1" /><file name="2F9DC2_3_0.woff2" server="static/" local="3599438400" remote="3599438400" Dst="-1" /><file name="2F9DC2_C_0.woff2" server="static/" local="3599438251" remote="3599438251" Dst="-1" /><file name="2F9DC2_5_0.ttf" server="static/" local="3599438373" remote="3599438373" Dst="-1" /><file name="2F9DC2_6_0.eot" server="static/" local="3599437688" remote="3599437688" Dst="-1" /><file name="2F9DC2_8_0.woff2" server="static/" local="3599438311" remote="3599438311" Dst="-1" /><file name="2F9DC2_10_0.eot" server="static/" local="3599437765" remote="3599437765" Dst="-1" /><file name="2F9DC2_6_0.woff" server="static/" local="3599438356" remote="3599438356" Dst="-1" /><file name="2F9DC2_1_0.woff2" server="static/" local="3599438428" remote="3599438428" Dst="-1" /><file name="2F9DC2_D_0.woff" server="static/" local="3599438239" remote="3599438239" Dst="-1" /><file name="2F9DC2_7_0.ttf" server="static/" local="3599438346" remote="3599438346" Dst="-1" /><file name="2F9DC2_4_0.eot" server="static/" local="3599437675" remote="3599437675" Dst="-1" /><file name="2F9DC2_A_0.woff2" server="static/" local="3599438282" remote="3599438282" Dst="-1" /><file name="2F9DC2_0_0.woff2" server="static/" local="3599438443" remote="3599438443" Dst="-1" /><file name="2F9DC2_0_0.eot" server="static/" local="3599437623" remote="3599437623" Dst="-1" /><file name="2F9DC2_F_0.woff" server="static/" local="3599438208" remote="3599438208" Dst="-1" /><file name="2F9DC2_3_0.ttf" server="static/" local="3599438408" remote="3599438408" Dst="-1" /><file name="2F9DC2_9_0.woff2" server="static/" local="3599438296" remote="3599438296" Dst="-1" /><file name="2F9DC2_4_0.woff" server="static/" local="3599438388" remote="3599438388" Dst="-1" /><file name="2F9DC2_8_0.woff" server="static/" local="3599438313" remote="3599438313" Dst="-1" /><file name="2F9DC2_2_0.eot" server="static/" local="3599437655" remote="3599437655" Dst="-1" /><file name="2F9DC2_1_0.ttf" server="static/" local="3599438434" remote="3599438434" Dst="-1" /><file name="2F9DC2_B_0.ttf" server="static/" local="3599438275" remote="3599438275" Dst="-1" /><file name="2F9DC2_A_0.eot" server="static/" local="3599437717" remote="3599437717" Dst="-1" /><file name="2F9DC2_1_0.woff" server="static/" local="3599438431" remote="3599438431" Dst="-1" /><file name="2F9DC2_C_0.woff" server="static/" local="3599438254" remote="3599438254" Dst="-1" /><file name="2F9DC2_E_0.woff2" server="static/" local="3599438221" remote="3599438221" Dst="-1" /><file name="2F9DC2_5_0.woff2" server="static/" local="3599438366" remote="3599438366" Dst="-1" /><file name="2F9DC2_C_0.eot" server="static/" local="3599437734" remote="3599437734" Dst="-1" /><file name="2F9DC2_A_0.woff" server="static/" local="3599438284" remote="3599438284" Dst="-1" /><file name="2F9DC2_D_0.ttf" server="static/" local="3599438244" remote="3599438244" Dst="-1" /><file name="2F9DC2_10_0.woff2" server="static/" local="3599438173" remote="3599438173" Dst="-1" /><file name="2F9DC2_D_0.woff2" server="static/" local="3599438237" remote="3599438237" Dst="-1" /><file name="2F9DC2_8_0.eot" server="static/" local="3599437699" remote="3599437699" Dst="-1" /><file name="2F9DC2_4_0.woff2" server="static/" local="3599438385" remote="3599438385" Dst="-1" /><file name="2F9DC2_9_0.ttf" server="static/" local="3599438303" remote="3599438303" Dst="-1" /><file name="2F9DC2_3_0.woff" server="static/" local="3599438404" remote="3599438404" Dst="-1" /><file name="2F9DC2_E_0.eot" server="static/" local="3599437750" remote="3599437750" Dst="-1" /><file name="2F9DC2_F_0.ttf" server="static/" local="3599438212" remote="3599438212" Dst="-1" /><file name="2F9DC2_F_0.woff2" server="static/" local="3599438205" remote="3599438205" Dst="-1" /><file name="2F9DC2_B_0.eot" server="static/" local="3599437725" remote="3599437725" Dst="-1" /><file name="2F9DC2_E_0.woff" server="static/" local="3599438224" remote="3599438224" Dst="-1" /><file name="2F9DC2_6_0.woff2" server="static/" local="3599438354" remote="3599438354" Dst="-1" /><file name="2F9DC2_A_0.ttf" server="static/" local="3599438288" remote="3599438288" Dst="-1" /><file name="2F9DC2_C_0.ttf" server="static/" local="3599438258" remote="3599438258" Dst="-1" /><file name="2F9DC2_7_0.woff" server="static/" local="3599438328" remote="3599438328" Dst="-1" /><file name="2F9DC2_5_0.woff" server="static/" local="3599438368" remote="3599438368" Dst="-1" /><file name="2F9DC2_9_0.woff" server="static/" local="3599438299" remote="3599438299" Dst="-1" /><file name="2F9DC2_D_0.eot" server="static/" local="3599437742" remote="3599437742" Dst="-1" /><file name="2F9DC2_8_0.ttf" server="static/" local="3599438318" remote="3599438318" Dst="-1" /><file name="2F9DC2_9_0.eot" server="static/" local="3599437710" remote="3599437710" Dst="-1" /><file name="2F9DC2_E_0.ttf" server="static/" local="3599438228" remote="3599438228" Dst="-1" /><file name="2F9DC2_F_0.eot" server="static/" local="3599437755" remote="3599437755" Dst="-1" /><file name="2F9DC2_7_0.woff2" server="static/" local="3599438326" remote="3599438326" Dst="-1" /></dwsync>