{
    "days": [
				
				{					
					  "date": "08302019",
					  "dow": "SATURDAY",
					  "date_formatted": "Aug 30, 2019",
  					  "workout": "Total Strength: Program 3: Workout 1",
					  "workout_meta" : "32 min",
					  "workout_status": "success",
					  "nutrition_goal": "Avoid sugary drinks",
					  "nutrition_status":"success",
					  "mood" : "Happy",
					  "mood_status" : "smile"
					
				},{					
					  "date": "08312019",
					  "dow": "SUNDAY",
					  "date_formatted": "Aug 31, 2019",
  					  "workout": "MMA Conditioning: Workout 1",
					  "workout_meta" : "32 min",
					  "workout_status": "success",
					  "nutrition_goal": "Cut out carbs",
					  "nutrition_status":"success",
					  "mood" : "Happy",
					  "mood_status" : "smile"
					
				},
				{					
					  "date": "09012019",
					  "dow": "MONDAY",
					  "date_formatted": "Sep 01, 2019",
  					  "workout": "Total Strength: Program 3: Workout 2",
					  "workout_meta" : "32 min",
					  "workout_status": "success",
					  "nutrition_goal": "Eat less garbage",
					  "nutrition_status":"success",
					  "mood" : "Happy",
					  "mood_status" : "smile"
					
				},
				{					
					  "date": "09022019",
					  "dow": "TUESDAY",
					  "date_formatted": "Sep 02, 2019",
  					  "workout": "10 of the Fastest",
					  "workout_meta" : "32 min",
					  "workout_status": "success",
					  "nutrition_goal": "Only drink Bud Light Platinum",
					  "nutrition_status":"none",
					  "mood" : "Happy",
					  "mood_status" : "smile"
					
				},
		{					
					  "date": "09032019",
					  "dow": "WEDNESDAY",
					  "date_formatted": "Sep 03, 2019",
  					  "workout": "10 of the Most Complicated",
					  "workout_meta" : "32 min",
					  "workout_status": "fail",
					  "nutrition_goal": "Limit yourself to only one pie",
					  "nutrition_status":"none",
					  "mood" : "Sad",
					  "mood_status" : "frown"
					
				},
		{					
					  "date": "09042019",
					  "dow": "THURSDAY",
					  "date_formatted": "Sep 04, 2019",
  					  "workout": "10 of the Loudest",
					  "workout_meta" : "32 min",
					  "workout_status": "success",
					  "nutrition_goal": "Avoid rooms that contain cheese",
					  "nutrition_status":"fail",
					  "mood" : "",
					  "mood_status" : ""
					
				},
		{					
					  "date": "09052019",
					  "dow": "FRIDAY",
					  "date_formatted": "Sep 05, 2019",
  					  "workout": "10 of the Sweatiest",
					  "workout_meta" : "32 min",
					  "workout_status": "success",
					  "nutrition_goal": "Try yogurt",
					  "nutrition_status":"none",
					  "mood" : "",
					  "mood_status" : ""
					
				}
		
		]
}