{
    "client": [	
				{					
					  "id": "13",
					  "first_name": "Charles",
					  "last_name": "Atlas",
  					  "plan": "Plan B",
					  "plan_week": "4 <span class='text-danger'>— Ends in 5 days</span>",
					  "gen":"men",
					  "coach":"1",
					  "club" : "2515",
 					  "club_name" : "Pittsburgh, PA (251 Mt. Nebo Pointe Dr)",
					"last_visit" : "Nov 18, 2019"
					
				},

				{					
					  "id": "1",
					  "first_name": "Krista",
					  "last_name": "Andress",
  					  "plan": "Fat Loss Level 1",
					  "plan_week": "3",
					  "gen":"women",
					  "coach":"1",
					   "club" : "2515",
 					  "club_name" : "Pittsburgh, PA (251 Mt. Nebo Pointe Dr)",
					"last_visit" : "Nov 18, 2019" 
					
				},
				{					
					  "id": "2",
					  "first_name": "Erik",
					  "last_name": "Barlow",
  					  "plan": "",
					  "plan_week": "",
					  "gen":"men",
					  "coach":"2",
					   "club" : "2515",
 					  "club_name" : "Pittsburgh, PA (251 Mt. Nebo Pointe Dr)",
					"last_visit" : "Nov 18, 2019" 
					  
				},
				{					
					  "id": "3",
					  "first_name": "Allison",
					  "last_name": "Carpenter",
  					  "plan": "Fat Loss Level 1",
					  "plan_week": "0 <span class='text-success'>— Starts in 2 days</span>",
					  "gen":"women",
					  "coach":"1",
					   "club" : "2515",
 					  "club_name" : "Pittsburgh, PA (251 Mt. Nebo Pointe Dr)",
					"last_visit" : "Nov 18, 2019" 
				},
				{					
					  "id": "4",
					  "first_name": "Sebastian",
					  "last_name": "Del Roy",
  					  "plan": "",
					  "plan_week": "",
					  "gen":"men",
					  "coach":"",
					   "club" : "2515",
 					  "club_name" : "Pittsburgh, PA (251 Mt. Nebo Pointe Dr)",
					"last_visit" : "Nov 18, 2019" 					  
				},
		{					
					  "id": "5",
					  "first_name": "Vivian",
					  "last_name": "Goodwin",
  					  "plan": "Plan B",
					  "plan_week": "2",
					  "gen":"women",
					  "coach":"1",
					   "club" : "2515",
 					  "club_name" : "Pittsburgh, PA (251 Mt. Nebo Pointe Dr)",
					"last_visit" : "Nov 18, 2019" 
				},
				{					
					  "id": "6",
					  "first_name": "Allen",
					  "last_name": "Harvey",
  					  "plan": "Plan 9 From Outer Space",
					  "plan_week": "2",
					  "gen":"men",
					  "coach":"2",
					   "club" : "2515",
 					  "club_name" : "Pittsburgh, PA (251 Mt. Nebo Pointe Dr)",
					"last_visit" : "Nov 18, 2019" 
				},
		{					
					  "id": "7",
					  "first_name": "Catherine",
					  "last_name": "Howell-Caine",
  					  "plan": "",
					  "plan_week": "",
					  "gen":"women",
					  "coach":"",
					   "club" : "2515",
 					  "club_name" : "Pittsburgh, PA (251 Mt. Nebo Pointe Dr)",
					"last_visit" : "Nov 18, 2019" 
		},
				{					
					  "id": "8",
					  "first_name": "Kimberly",
					  "last_name": "Karlo",
  					  "plan": "",
					  "plan_week": "",
					  "gen":"women",
					  "coach":"1",
					   "club" : "2515",
 					  "club_name" : "Pittsburgh, PA (251 Mt. Nebo Pointe Dr)",
					"last_visit" : "Nov 18, 2019"
				},
			{					
					  "id": "9",
					  "first_name": "Bryan",
					  "last_name": "Larsen",
  					  "plan": "Fat Loss Level 1",
					  "plan_week": "2",
					  "gen":"men",
					  "coach":"2",
					  "club" : "2705",
 					  "club_name" : "Tucson, AZ (8868 Tanque Verde Rd)",
					"last_visit" : "Nov 18, 2019"
				},
			{					
					  "id": "10",
					  "first_name": "Bobbie",
					  "last_name": "Mosely",
  					  "plan": "Plan B",
					  "plan_week": "2",
					  "gen":"men",
					  "coach":"1",
					  "club" : "3652",
					  "club_name" : "Richmond, VA (Chippenham Parkway & Forest Hill Avenue)",
					"last_visit" : "Nov 18, 2019"
			},
		{					
					  "id": "11",
					  "first_name": "Gloria",
					  "last_name": "Mosely",
  					  "plan": "Plan B",
					  "plan_week": "2",
					  "gen":"women",
					  "coach":"1",
					  "club" : "2705",
 					  "club_name" : "Tucson, AZ (8868 Tanque Verde Rd)",
					"last_visit" : "Nov 18, 2019"
			}
		]
}