{
    "exercise": [								
				{
					  "poster": "//demo-coach.anytimefitness.com/api/media/exercise/1731/image?imageType=1&amp;size=320",
					  "name": "90-45 Knee Extension",
					  "desc": "1 - Sit on the edge of a table with your knees bent at 90 degrees and your feet off the floor. 2 - Straighten your involved leg up to a 45 degree angle at the hip and place your uninvolved foot under this ankle. 3 - Use the uninvolved foot to raise the involved leg up to a fully extended position. • Slowly return both legs to the start position. ",
  					  "video": "//video.pumpone.com/pumpVideos/LePt-BW_90_45_Knee_Extension_M.mov",
					  "details": "Bodyweight, Knee, Hip"
			},
			{
					  "poster": "//demo-coach.anytimefitness.com/api/media/exercise/1237/image?imageType=1&amp;size=320",
					  "name": "90-Degree Lateral Raise",
					  "desc": "1 - Stand upright holding the dumbbells out in front with your elbows bent at 90 degrees. 2 - Raise your arms up and outward to the sides to shoulder height, keeping your elbows bent throughout.",
					"video": "//video.pumpone.com/pumpVideos/ShSt-DB_90_Degree_Lateral_Raise_M.mov",
					  "details": "Dumbbells, Shoulders, Pull"
			},
			{
					  "poster": "//demo-coach.anytimefitness.com/api/media/exercise/187/image?imageType=1&amp;size=320",
					  "name": "Active Internal Rotation",
					  "desc": "",
"video": "",
					  "details": "Bodyweight, Shoulders, Pull"
			},
			{
					  "poster": "//demo-coach.anytimefitness.com/api/media/exercise/183/image?imageType=1&amp;size=320",
					  "name": "Active Scaption",
					  "desc": "",
"video": "",
					  "details": "Bodyweight, Shoulders, Hip"
			},
			{
					  "poster": "//demo-coach.anytimefitness.com/api/media/exercise/898/image?imageType=1&amp;size=320",
					  "name": "Adduction",
					  "desc": "",
"video": "",
					  "details": "Tubing/Bands, Shoulders, Core"
			},
			{
					  "poster": "//demo-coach.anytimefitness.com/api/media/exercise/130/image?imageType=1&amp;size=320",
					  "name": "Adduction Scissor",
					  "desc": "",
"video": "",
					  "details": "Bodyweight, Hip, Core"
			},
			{
					  "poster": "//demo-coach.anytimefitness.com/api/media/exercise/1613/image?imageType=1&amp;size=320",
					  "name": "Adduction Squeeze",
					  "desc": "",
"video": "",
					  "details": "Ring, Cardio"
			},
			{
					  "poster": "//demo-coach.anytimefitness.com/api/media/exercise/1815/image?imageType=1&amp;size=320",
					  "name": "Adduction Stretch",
					  "desc": "",
"video": "",
					  "details": "Bodyweight, Shoulders, Hip"
			},
			{
					  "poster": "//demo-coach.anytimefitness.com/api/media/exercise/637/image?imageType=1&amp;size=320",
					  "name": "Adductors",
					  "desc": "",
"video": "",
					  "details": "Bodyweight, Legs, Pull"
			},
			{
					  "poster": "//demo-coach.anytimefitness.com/api/media/exercise/1384/image?imageType=1&amp;size=320",
					  "name": "Adv Quad Superman",
					  "desc": "",
"video": "",
					  "details": "Bodyweight, Lower Back, Core"
			}
		]
}