{
    "equipment": [		
			{
					  "label": "Cones",
					  "id": "Cones"
			},
		{
					  "label": "Stick",
					  "id": "Stick"
			},
		{
					  "label": "Theraball",
					  "id": "Theraball"
			},
		{
					  "label": "Strap",
					  "id": "Strap"
			},
		{
					  "label": "Towel",
					  "id": "Towel"
			},
		{
					  "label": "Sandbag",
					  "id": "Sandbag"
			},
		{
					  "label": "Battle Rope",
					  "id": "BattleRope"
			},
		{
					  "label": "Power Wheel",
					  "id": "PowerWheel"
			},
		{
					  "label": "Sliders",
					  "id": "Sliders"
			},
		{
					  "label": "Foam Roller",
					  "id": "FoamRoller"
			},
		{
					  "label": "Swiss Ball",
					  "id": "SwissBall"
			},
		{
					  "label": "BOSU",
					  "id": "BOSU"
			},
		{
					  "label": "Med Ball",
					  "id": "MedBall"
			},
		{
					  "label": "Dumbbells",
					  "id": "Dumbbells"
			},
		{
					  "label": "Kettlebells",
					  "id": "Kettlebells"
			},
		{
					  "label": "Cables",
					  "id": "Cables"
			},
		{
					  "label": "Tubing/Bands",
					  "id": "TubingBands"
			},
		{
					  "label": "Plate",
					  "id": "Plate"
			},
		{
					  "label": "Dyna Disc",
					  "id": "DynaDisc"
			},
		{
					  "label": "Machine",
					  "id": "Machine"
			},
		{
					  "label": "Bodyweight",
					  "id": "Bodyweight"
			},
		{
					  "label": "Leg Weights",
					  "id": "LegWeights"
			},
		{
					  "label": "Barbell",
					  "id": "Barbell"
			},
		{
					  "label": "Suspension",
					  "id": "Suspension"
			},
		{
					  "label": "Airex",
					  "id": "Airex"
			},
		{
					  "label": "Wobble Board",
					  "id": "WobbleBoard"
			},
		{
					  "label": "Ring",
					  "id": "Ring"
			}
		],

	"bodypart": [
		{
					  "label": "Hip",
					  "id": "Hip"
			},
		{
					  "label": "Cervical",
					  "id": "Cervical"
			},
		{
					  "label": "Ankle",
					  "id": "Ankle"
			},
		{
					  "label": "Wrist",
					  "id": "Wrist"
			},
		{
					  "label": "Lumbar",
					  "id": "Lumbar"
			},
		{
					  "label": "Thoracic",
					  "id": "Thoracic"
			},
		{
					  "label": "Knee",
					  "id": "Knee"
			},
		{
					  "label": "Forearms",
					  "id": "Forearms"
			},
		{
					  "label": "Chest",
					  "id": "Chest"
			},
		{
					  "label": "Back",
					  "id": "Back"
			},
		{
					  "label": "Full Body",
					  "id": "FullBody"
			},
		{
					  "label": "Legs",
					  "id": "Legs"
			},
		{
					  "label": "Biceps",
					  "id": "Biceps"
			},
		{
					  "label": "Abs",
					  "id": "Abs"
			},
		{
					  "label": "Neck",
					  "id": "Neck"
			},
		{
					  "label": "Triceps",
					  "id": "Triceps"
			},
		{
					  "label": "Shoulders",
					  "id": "Shoulders"
			},
		{
					  "label": "Lower Back",
					  "id": "LowerBack"
			}		
	]
}