{
    "workout": [
			{
					  "poster": "1_Dumbell",
					  "name": "1 Dumbbell Workout",
					  "desc": "For each exercise, perform 3 sets of 12 repetitions, resting 60 seconds between sets. Use a challenging weight that allows you to complete all reps. If the weight is too easy, slightly increase it. If its too hard, slightly decrease it.",
					  "duration": "1 hour, 40 min",
					  "energy": "995 cal",
					  "exercises": "10",
"status": "draft"
			},
		{
					  "poster": "10_Min_Energy_Booster",
					  "name": "10 Minute Energy Booster Day 1",
					  "desc": "Perform each exercise in a circuit for 1 minute each. Perform 1 full circuit. ",
					  "duration": "40 min",
					  "energy": "995 cal",
						"exercises": "10",
"status": "published"
			},
		{
					  "poster": "10_Min_Energy_Booster",
					  "name": "10 Minute Energy Booster Day 2",
					  "desc": "Perform each exercise in a circuit for 1 minute each. Perform 1 full circuit. ",
					  "duration": "40 min",
					  "energy": "995 cal",
						"exercises": "10",
"status": "published"
			},
		{
					  "poster": "10_Min_Energy_Booster",
					  "name": "10 Minute Energy Booster Day 3",
					  "desc": "Perform each exercise in a circuit for 1 minute each. Perform 1 full circuit. ",
					  "duration": "40 min",
					  "energy": "995 cal",
						"exercises": "10",
"status": "published"
			},
		{
					  "poster": "10_Minute_Fat_Burner",
					  "name": "10 Minute Fat Burner Day 1",
					  "desc": "Perform each exercise in a circuit for 1 minute each. Perform 1 full circuit. ",
					  "duration": "1 hour, 40 min",
					  "energy": "995 cal",
"exercises": "10",
"status": "published"
			},
		{
					  "poster": "10_Minute_Fat_Burner",
					  "name": "10 Minute Fat Burner Day 2",
					  "desc": "Perform each exercise in a circuit for 1 minute each.Perform 1 full circuit. ",
					  "duration": "1 hour, 40 min",
					  "energy": "995 cal",
"exercises": "10",
"status": "published"
			},
		{
					  "poster": "10_More_Of_The_Toughest",
					  "name": "10 More of the Toughest",
					  "desc": "_REPLACE_",
					  "duration": "1 hour, 40 min",
					  "energy": "995 cal",
"exercises": "10",
"status": "published"
			},
		{
					  "poster": "10_Of_The_Toughest",
					  "name": "10 of the Toughest",
					  "desc": "_REPLACE_",
					  "duration": "1 hour, 40 min",
					  "energy": "995 cal",
"exercises": "10",
"status": "published"
			},{
					  "poster": "15_Minute_Circuit",
					  "name": "15 Minute Circuite Day 1",
					  "desc": "_REPLACE_",
					  "duration": "1 hour, 40 min",
					  "energy": "995 cal",
"exercises": "10",
"status": "published"
			},
		{
					  "poster": "15_Minute_Circuit",
					  "name": "15 Minute Circuite Day 1",
					  "desc": "_REPLACE_",
					  "duration": "1 hour, 40 min",
					  "energy": "995 cal",
"exercises": "10",
"status": "published"
			},
		{
					  "poster": "15_Minute_Gut_Buster",
					  "name": "15 Minute Gut Buster Day 1",
					  "desc": "_REPLACE_",
					  "duration": "1 hour, 40 min",
					  "energy": "995 cal",
"exercises": "10",
"status": "published"
			},
		{
					  "poster": "15_Minute_Gut_Buster",
					  "name": "15 Minute Gut Buster Day 2",
					  "desc": "_REPLACE_",
					  "duration": "1 hour, 40 min",
					  "energy": "995 cal",
"exercises": "10",
"status": "published"
			},
		{
					  "poster": "20_Minute_Circuit",
					  "name": "20 Minute Circuit Day 1",
					  "desc": "_REPLACE_",
					  "duration": "1 hour, 40 min",
					  "energy": "995 cal",
"exercises": "10",
"status": "published"
			},
		{
					  "poster": "20_Minute_Circuit",
					  "name": "20 Minute Circuit Day 1",
					  "desc": "_REPLACE_",
					  "duration": "1 hour, 40 min",
					  "energy": "995 cal",
"exercises": "10",
"status": "published"
			},
		{
					  "poster": "21-Day_Transform",
					  "name": "21 Day Transformation Mobility",
					  "desc": "_REPLACE_",
					  "duration": "1 hour, 40 min",
					  "energy": "995 cal",
"exercises": "10",
"status": "published"
			}
		],
	 "mine": [
			{
					  "poster": "",
					  "name": "My Cool Workout",
					  "desc": "Whatever i said.",
					  "duration": "1 hour, 40 min",
					  "energy": "995 cal",
						"exercises": "10",
"status": "published"
			},
		 	{
					  "poster": "10_Of_The_Toughest",
					  "name": "10 More of the Toughest <small>(Jan 8, 2019)</small>",
					  "desc": "Whatever i said.",
					  "duration": "1 hour, 40 min",
					  "energy": "995 cal",
						"exercises": "10",
"status": "published"
			}
		 ]
}