{
    "exercise": [
			{
					  "poster": "//demo-coach.anytimefitness.com/api/media/exercise/614/image?imageType=1&amp;size=320",
					  "name": "180 Swing",
					  "desc": "1 - Hold a kettlebell to the side of one leg with your feet split front to back, leaning your torso slightly forward. 2 - Swing the kettlebell out and up to the side and directly overhead, switching hands at the top and turning your feet forward.3 - Continue swinging the bell down to the side of the other leg, then repeat in the reverse direction. ",
					  "video": "//video.pumpone.com/pumpVideos/FbKb-180_Swing_M.mov",
					  "details": "Knee, Kettlebells, Full Body"
			},
			{
					  "poster": "//demo-coach.anytimefitness.com/api/media/exercise/1866/image?imageType=1&amp;size=320",
					  "name": "90-0 Knee Extension",
					  "desc": "1 - Sit on the edge of a table with your knees bent at 90 degrees and your feet off the floor. 2 - Straighten your involved leg, raising it up straight in front to make a 90 degree angle at the hip. Slowly return to the start position with involved knee bent.",
					  "video": "",
					  "details": "Bodyweight, Knee, Push"
			},
			{
					  "poster": "//demo-coach.anytimefitness.com/api/media/exercise/1731/image?imageType=1&amp;size=320",
					  "name": "90-45 Knee Extension",
					  "desc": "1 - Sit on the edge of a table with your knees bent at 90 degrees and your feet off the floor. 2 - Straighten your involved leg up to a 45 degree angle at the hip and place your uninvolved foot under this ankle. 3 - Use the uninvolved foot to raise the involved leg up to a fully extended position. • Slowly return both legs to the start position. ",
  					  "video": "//video.pumpone.com/pumpVideos/LePt-BW_90_45_Knee_Extension_M.mov",
					  "details": "Bodyweight, Knee, Hip"
			},
			{
					  "poster": "//demo-coach.anytimefitness.com/api/media/exercise/1237/image?imageType=1&amp;size=320",
					  "name": "90-Degree Lateral Raise",
					  "desc": "1 - Stand upright holding the dumbbells out in front with your elbows bent at 90 degrees. 2 - Raise your arms up and outward to the sides to shoulder height, keeping your elbows bent throughout.",
					"video": "//video.pumpone.com/pumpVideos/ShSt-DB_90_Degree_Lateral_Raise_M.mov",
					  "details": "Dumbbells, Shoulders, Pull"
			},
			{
					  "poster": "//demo-coach.anytimefitness.com/api/media/exercise/244/image?imageType=1&amp;size=320",
					  "name": "90/90 Isometric Abs",
					  "desc": "",
"video": "",
					  "details": "Bodyweight, Core"
			},
			{
					  "poster": "//demo-coach.anytimefitness.com/api/media/exercise/635/image?imageType=1&amp;size=320",
					  "name": "90:90",
					  "desc": "",
"video": "",
					  "details": "Bodyweight, Back, Cardio"
			},
			{
					  "poster": "//demo-coach.anytimefitness.com/api/media/exercise/355/image?imageType=1&amp;size=320",
					  "name": "Ab Chopper",
					  "desc": "",
"video": "",
					  "details": "Bodyweight, Abs, Pull"
			},
			{
					  "poster": "//demo-coach.anytimefitness.com/api/media/exercise/238/image?imageType=1&amp;size=320",
					  "name": "Abdominal Activation",
					  "desc": "",
"video": "",
					  "details": "Bodyweight, Core"
			},
			{
					  "poster": "//demo-coach.anytimefitness.com/api/media/exercise/1668/image?imageType=1&amp;size=320",
					  "name": "Abdominal Bracing",
					  "desc": "",
"video": "",
					  "details": "Push, Cardio, Bodyweight, Abs"
			},
			{
					  "poster": "//demo-coach.anytimefitness.com/api/media/exercise/71/image?imageType=1&amp;size=320",
					  "name": "Abdominal Roll-In",
					  "desc": "",
"video": "",
					  "details": "Foam Roller, Abs, Cardio"
			},
			{
					  "poster": "//demo-coach.anytimefitness.com/api/media/exercise/208/image?imageType=1&amp;size=320",
					  "name": "Abduction",
					  "desc": "",
"video": "",
					  "details": "Dumbbells, Shoulders, Core"
			},
			{
					  "poster": "//demo-coach.anytimefitness.com/api/media/exercise/636/image?imageType=1&amp;size=320",
					  "name": "Abductors",
					  "desc": "",
"video": "",
					  "details": "Bodyweight, Legs, Push"
			},
			{
					  "poster": "//demo-coach.anytimefitness.com/api/media/exercise/1669/image?imageType=1&amp;size=320",
					  "name": "Abs &amp; Chest Stretch",
					  "desc": "",
"video": "",
					  "details": "Bodyweight, Abs, Pull"
			},
			{
					  "poster": "//demo-coach.anytimefitness.com/api/media/exercise/184/image?imageType=1&amp;size=320",
					  "name": "Active Abduction",
					  "desc": "",
"video": "",
					  "details": "Bodyweight, Shoulders, Core"
			},
			{
					  "poster": "//demo-coach.anytimefitness.com/api/media/exercise/1733/image?imageType=1&amp;size=320",
					  "name": "Active Eversion",
					  "desc": "",
"video": "",
					  "details": "Bodyweight, Ankle, Cardio"
			},
			{
					  "poster": "//demo-coach.anytimefitness.com/api/media/exercise/186/image?imageType=1&amp;size=320",
					  "name": "Active External Rotation",
					  "desc": "",
"video": "",
					  "details": "Bodyweight, Shoulders, Push"
			},
			{
					  "poster": "//demo-coach.anytimefitness.com/api/media/exercise/185/image?imageType=1&amp;size=320",
					  "name": "Active Flexion",
					  "desc": "",
"video": "",
					  "details": "Bodyweight, Shoulders, Cardio"
			},
			{
					  "poster": "//demo-coach.anytimefitness.com/api/media/exercise/187/image?imageType=1&amp;size=320",
					  "name": "Active Internal Rotation",
					  "desc": "",
"video": "",
					  "details": "Bodyweight, Shoulders, Pull"
			},
			{
					  "poster": "//demo-coach.anytimefitness.com/api/media/exercise/183/image?imageType=1&amp;size=320",
					  "name": "Active Scaption",
					  "desc": "",
"video": "",
					  "details": "Bodyweight, Shoulders, Hip"
			},
			{
					  "poster": "//demo-coach.anytimefitness.com/api/media/exercise/898/image?imageType=1&amp;size=320",
					  "name": "Adduction",
					  "desc": "",
"video": "",
					  "details": "Tubing/Bands, Shoulders, Core"
			},
			{
					  "poster": "//demo-coach.anytimefitness.com/api/media/exercise/130/image?imageType=1&amp;size=320",
					  "name": "Adduction Scissor",
					  "desc": "",
"video": "",
					  "details": "Bodyweight, Hip, Core"
			},
			{
					  "poster": "//demo-coach.anytimefitness.com/api/media/exercise/1613/image?imageType=1&amp;size=320",
					  "name": "Adduction Squeeze",
					  "desc": "",
"video": "",
					  "details": "Ring, Cardio"
			},
			{
					  "poster": "//demo-coach.anytimefitness.com/api/media/exercise/1815/image?imageType=1&amp;size=320",
					  "name": "Adduction Stretch",
					  "desc": "",
"video": "",
					  "details": "Bodyweight, Shoulders, Hip"
			},
			{
					  "poster": "//demo-coach.anytimefitness.com/api/media/exercise/637/image?imageType=1&amp;size=320",
					  "name": "Adductors",
					  "desc": "",
"video": "",
					  "details": "Bodyweight, Legs, Pull"
			},
			{
					  "poster": "//demo-coach.anytimefitness.com/api/media/exercise/1384/image?imageType=1&amp;size=320",
					  "name": "Adv Quad Superman",
					  "desc": "",
"video": "",
					  "details": "Bodyweight, Lower Back, Core"
			}
		]
}